id,slug,name,normalized_name,description,category_kind,parent_category_id,wikidata_qid,wikipedia_title,dbpedia_uri,sort_order,created_at,updated_at
cat-sandwiches-116c3e15,sandwiches,Sandwiches,sandwiches,Reusable structural bucket for sandwiches in the starter taxonomy.,structural-parent,,,List of sandwiches,,10,2026-04-16T19:12:47+00:00,2026-04-16T19:12:47+00:00
cat-open-face-sandwiches-7a9a9464,open-face-sandwiches,Open-face sandwiches,open face sandwiches,Subtype of sandwiches covering open-face sandwiches.,structural-child,cat-sandwiches-116c3e15,,List of sandwiches,,21,2026-04-16T19:12:47+00:00,2026-04-16T19:12:47+00:00
cat-closed-sandwiches-f0867929,closed-sandwiches,Closed sandwiches,closed sandwiches,Subtype of sandwiches covering closed sandwiches.,structural-child,cat-sandwiches-116c3e15,,List of sandwiches,,22,2026-04-16T19:12:47+00:00,2026-04-16T19:12:47+00:00
cat-grilled-sandwiches-d00ea686,grilled-sandwiches,Grilled sandwiches,grilled sandwiches,Subtype of sandwiches covering grilled sandwiches.,structural-child,cat-sandwiches-116c3e15,,List of sandwiches,,23,2026-04-16T19:12:47+00:00,2026-04-16T19:12:47+00:00
cat-fried-sandwiches-cef754ca,fried-sandwiches,Fried sandwiches,fried sandwiches,Subtype of sandwiches covering fried sandwiches.,structural-child,cat-sandwiches-116c3e15,,List of sandwiches,,24,2026-04-16T19:12:47+00:00,2026-04-16T19:12:47+00:00
cat-submarine-sandwiches-a0a874bf,submarine-sandwiches,Submarine sandwiches,submarine sandwiches,Subtype of sandwiches covering submarine sandwiches.,structural-child,cat-sandwiches-116c3e15,,List of sandwiches,,25,2026-04-16T19:12:47+00:00,2026-04-16T19:12:47+00:00
cat-breakfast-sandwiches-00986607,breakfast-sandwiches,Breakfast sandwiches,breakfast sandwiches,Subtype of sandwiches covering breakfast sandwiches.,structural-child,cat-sandwiches-116c3e15,,List of sandwiches,,26,2026-04-16T19:12:47+00:00,2026-04-16T19:12:47+00:00
cat-burgers-09c6dfae,burgers,Burgers,burgers,Reusable structural bucket for burgers in the starter taxonomy.,structural-parent,,,List of hamburgers,,20,2026-04-16T19:12:47+00:00,2026-04-16T19:12:47+00:00
cat-beef-burgers-9c58e17d,beef-burgers,Beef burgers,beef burgers,Subtype of burgers covering beef burgers.,structural-child,cat-burgers-09c6dfae,,List of hamburgers,,31,2026-04-16T19:12:47+00:00,2026-04-16T19:12:47+00:00
cat-chicken-burgers-2f0f46d4,chicken-burgers,Chicken burgers,chicken burgers,Subtype of burgers covering chicken burgers.,structural-child,cat-burgers-09c6dfae,,List of hamburgers,,32,2026-04-16T19:12:47+00:00,2026-04-16T19:12:47+00:00
cat-fish-burgers-5739b076,fish-burgers,Fish burgers,fish burgers,Subtype of burgers covering fish burgers.,structural-child,cat-burgers-09c6dfae,,List of hamburgers,,33,2026-04-16T19:12:47+00:00,2026-04-16T19:12:47+00:00
cat-vegetable-burgers-92d6cead,vegetable-burgers,Vegetable burgers,vegetable burgers,Subtype of burgers covering vegetable burgers.,structural-child,cat-burgers-09c6dfae,,List of hamburgers,,34,2026-04-16T19:12:47+00:00,2026-04-16T19:12:47+00:00
cat-stuffed-burgers-566fb9b6,stuffed-burgers,Stuffed burgers,stuffed burgers,Subtype of burgers covering stuffed burgers.,structural-child,cat-burgers-09c6dfae,,List of hamburgers,,35,2026-04-16T19:12:47+00:00,2026-04-16T19:12:47+00:00
cat-slider-burgers-696b8b8d,slider-burgers,Slider burgers,slider burgers,Subtype of burgers covering slider burgers.,structural-child,cat-burgers-09c6dfae,,List of hamburgers,,36,2026-04-16T19:12:47+00:00,2026-04-16T19:12:47+00:00
cat-wraps-and-rolls-dd6f3471,wraps-and-rolls,Wraps and rolls,wraps and rolls,Reusable structural bucket for wraps and rolls in the starter taxonomy.,structural-parent,,,Lists of prepared foods,,30,2026-04-16T19:12:47+00:00,2026-04-16T19:12:47+00:00
cat-flatbread-wraps-35cf84cc,flatbread-wraps,Flatbread wraps,flatbread wraps,Subtype of wraps and rolls covering flatbread wraps.,structural-child,cat-wraps-and-rolls-dd6f3471,,Lists of prepared foods,,41,2026-04-16T19:12:47+00:00,2026-04-16T19:12:47+00:00
cat-burritos-2a9b6eae,burritos,Burritos,burritos,Subtype of wraps and rolls covering burritos.,structural-child,cat-wraps-and-rolls-dd6f3471,,Lists of prepared foods,,42,2026-04-16T19:12:47+00:00,2026-04-16T19:12:47+00:00
cat-spring-rolls-f29d4f63,spring-rolls,Spring rolls,spring rolls,Subtype of wraps and rolls covering spring rolls.,structural-child,cat-wraps-and-rolls-dd6f3471,,Lists of prepared foods,,43,2026-04-16T19:12:47+00:00,2026-04-16T19:12:47+00:00
cat-egg-rolls-7041b24e,egg-rolls,Egg rolls,egg rolls,Subtype of wraps and rolls covering egg rolls.,structural-child,cat-wraps-and-rolls-dd6f3471,,Lists of prepared foods,,44,2026-04-16T19:12:47+00:00,2026-04-16T19:12:47+00:00
cat-lettuce-wraps-76fde57a,lettuce-wraps,Lettuce wraps,lettuce wraps,Subtype of wraps and rolls covering lettuce wraps.,structural-child,cat-wraps-and-rolls-dd6f3471,,Lists of prepared foods,,45,2026-04-16T19:12:47+00:00,2026-04-16T19:12:47+00:00
cat-stuffed-rolls-d5e020bf,stuffed-rolls,Stuffed rolls,stuffed rolls,Subtype of wraps and rolls covering stuffed rolls.,structural-child,cat-wraps-and-rolls-dd6f3471,,Lists of prepared foods,,46,2026-04-16T19:12:47+00:00,2026-04-16T19:12:47+00:00
cat-flatbreads-and-pizzas-f0961fe2,flatbreads-and-pizzas,Flatbreads and pizzas,flatbreads and pizzas,Reusable structural bucket for flatbreads and pizzas in the starter taxonomy.,structural-parent,,,Lists of prepared foods,,40,2026-04-16T19:12:47+00:00,2026-04-16T19:12:47+00:00
cat-leavened-flatbreads-19afc10d,leavened-flatbreads,Leavened flatbreads,leavened flatbreads,Subtype of flatbreads and pizzas covering leavened flatbreads.,structural-child,cat-flatbreads-and-pizzas-f0961fe2,,Lists of prepared foods,,51,2026-04-16T19:12:47+00:00,2026-04-16T19:12:47+00:00
cat-unleavened-flatbreads-dd91c50f,unleavened-flatbreads,Unleavened flatbreads,unleavened flatbreads,Subtype of flatbreads and pizzas covering unleavened flatbreads.,structural-child,cat-flatbreads-and-pizzas-f0961fe2,,Lists of prepared foods,,52,2026-04-16T19:12:47+00:00,2026-04-16T19:12:47+00:00
cat-topped-flatbreads-b5ebb428,topped-flatbreads,Topped flatbreads,topped flatbreads,Subtype of flatbreads and pizzas covering topped flatbreads.,structural-child,cat-flatbreads-and-pizzas-f0961fe2,,Lists of prepared foods,,53,2026-04-16T19:12:47+00:00,2026-04-16T19:12:47+00:00
cat-stuffed-flatbreads-82b7a421,stuffed-flatbreads,Stuffed flatbreads,stuffed flatbreads,Subtype of flatbreads and pizzas covering stuffed flatbreads.,structural-child,cat-flatbreads-and-pizzas-f0961fe2,,Lists of prepared foods,,54,2026-04-16T19:12:47+00:00,2026-04-16T19:12:47+00:00
cat-regional-pizzas-1055a265,regional-pizzas,Regional pizzas,regional pizzas,Subtype of flatbreads and pizzas covering regional pizzas.,structural-child,cat-flatbreads-and-pizzas-f0961fe2,,Lists of prepared foods,,55,2026-04-16T19:12:47+00:00,2026-04-16T19:12:47+00:00
cat-griddled-flatbreads-91db0373,griddled-flatbreads,Griddled flatbreads,griddled flatbreads,Subtype of flatbreads and pizzas covering griddled flatbreads.,structural-child,cat-flatbreads-and-pizzas-f0961fe2,,Lists of prepared foods,,56,2026-04-16T19:12:47+00:00,2026-04-16T19:12:47+00:00
cat-breads-and-loaves-c2814f9c,breads-and-loaves,Breads and loaves,breads and loaves,Reusable structural bucket for breads and loaves in the starter taxonomy.,structural-parent,,,Lists of prepared foods,,50,2026-04-16T19:12:47+00:00,2026-04-16T19:12:47+00:00
cat-yeast-breads-705c22ef,yeast-breads,Yeast breads,yeast breads,Subtype of breads and loaves covering yeast breads.,structural-child,cat-breads-and-loaves-c2814f9c,,Lists of prepared foods,,61,2026-04-16T19:12:47+00:00,2026-04-16T19:12:47+00:00
cat-quick-breads-5920cbdf,quick-breads,Quick breads,quick breads,Subtype of breads and loaves covering quick breads.,structural-child,cat-breads-and-loaves-c2814f9c,,Lists of prepared foods,,62,2026-04-16T19:12:47+00:00,2026-04-16T19:12:47+00:00
cat-steamed-breads-0365d897,steamed-breads,Steamed breads,steamed breads,Subtype of breads and loaves covering steamed breads.,structural-child,cat-breads-and-loaves-c2814f9c,,Lists of prepared foods,,63,2026-04-16T19:12:47+00:00,2026-04-16T19:12:47+00:00
cat-braided-breads-e82e4c4d,braided-breads,Braided breads,braided breads,Subtype of breads and loaves covering braided breads.,structural-child,cat-breads-and-loaves-c2814f9c,,Lists of prepared foods,,64,2026-04-16T19:12:47+00:00,2026-04-16T19:12:47+00:00
cat-sweet-loaves-db04c140,sweet-loaves,Sweet loaves,sweet loaves,Subtype of breads and loaves covering sweet loaves.,structural-child,cat-breads-and-loaves-c2814f9c,,Lists of prepared foods,,65,2026-04-16T19:12:47+00:00,2026-04-16T19:12:47+00:00
cat-savory-loaves-a1929d59,savory-loaves,Savory loaves,savory loaves,Subtype of breads and loaves covering savory loaves.,structural-child,cat-breads-and-loaves-c2814f9c,,Lists of prepared foods,,66,2026-04-16T19:12:47+00:00,2026-04-16T19:12:47+00:00
cat-dumplings-and-buns-9a441702,dumplings-and-buns,Dumplings and buns,dumplings and buns,Reusable structural bucket for dumplings and buns in the starter taxonomy.,structural-parent,,,Lists of prepared foods,,60,2026-04-16T19:12:47+00:00,2026-04-16T19:12:47+00:00
cat-boiled-dumplings-dc6fa4eb,boiled-dumplings,Boiled dumplings,boiled dumplings,Subtype of dumplings and buns covering boiled dumplings.,structural-child,cat-dumplings-and-buns-9a441702,,Lists of prepared foods,,71,2026-04-16T19:12:47+00:00,2026-04-16T19:12:47+00:00
cat-steamed-dumplings-0f45907b,steamed-dumplings,Steamed dumplings,steamed dumplings,Subtype of dumplings and buns covering steamed dumplings.,structural-child,cat-dumplings-and-buns-9a441702,,Lists of prepared foods,,72,2026-04-16T19:12:47+00:00,2026-04-16T19:12:47+00:00
cat-pan-fried-dumplings-9ee10f54,pan-fried-dumplings,Pan-fried dumplings,pan fried dumplings,Subtype of dumplings and buns covering pan-fried dumplings.,structural-child,cat-dumplings-and-buns-9a441702,,Lists of prepared foods,,73,2026-04-16T19:12:47+00:00,2026-04-16T19:12:47+00:00
cat-stuffed-buns-669232a0,stuffed-buns,Stuffed buns,stuffed buns,Subtype of dumplings and buns covering stuffed buns.,structural-child,cat-dumplings-and-buns-9a441702,,Lists of prepared foods,,74,2026-04-16T19:12:47+00:00,2026-04-16T19:12:47+00:00
cat-soup-dumplings-f47fa595,soup-dumplings,Soup dumplings,soup dumplings,Subtype of dumplings and buns covering soup dumplings.,structural-child,cat-dumplings-and-buns-9a441702,,Lists of prepared foods,,75,2026-04-16T19:12:47+00:00,2026-04-16T19:12:47+00:00
cat-dumpling-soups-bd716600,dumpling-soups,Dumpling soups,dumpling soups,Subtype of dumplings and buns covering dumpling soups.,structural-child,cat-dumplings-and-buns-9a441702,,Lists of prepared foods,,76,2026-04-16T19:12:47+00:00,2026-04-16T19:12:47+00:00
cat-noodle-dishes-f57723d0,noodle-dishes,Noodle dishes,noodle dishes,Reusable structural bucket for noodle dishes in the starter taxonomy.,structural-parent,,,List of noodle dishes,,70,2026-04-16T19:12:47+00:00,2026-04-16T19:12:47+00:00
cat-stir-fried-noodles-b9457661,stir-fried-noodles,Stir-fried noodles,stir fried noodles,Subtype of noodle dishes covering stir-fried noodles.,structural-child,cat-noodle-dishes-f57723d0,,List of noodle dishes,,81,2026-04-16T19:12:47+00:00,2026-04-16T19:12:47+00:00
cat-noodle-soups-26b8bb24,noodle-soups,Noodle soups,noodle soups,Subtype of noodle dishes covering noodle soups.,structural-child,cat-noodle-dishes-f57723d0,,List of noodle dishes,,82,2026-04-16T19:12:47+00:00,2026-04-16T19:12:47+00:00
cat-cold-noodles-c249f52e,cold-noodles,Cold noodles,cold noodles,Subtype of noodle dishes covering cold noodles.,structural-child,cat-noodle-dishes-f57723d0,,List of noodle dishes,,83,2026-04-16T19:12:47+00:00,2026-04-16T19:12:47+00:00
cat-sauced-noodles-cbd00b65,sauced-noodles,Sauced noodles,sauced noodles,Subtype of noodle dishes covering sauced noodles.,structural-child,cat-noodle-dishes-f57723d0,,List of noodle dishes,,84,2026-04-16T19:12:47+00:00,2026-04-16T19:12:47+00:00
cat-baked-noodles-ab0afe2b,baked-noodles,Baked noodles,baked noodles,Subtype of noodle dishes covering baked noodles.,structural-child,cat-noodle-dishes-f57723d0,,List of noodle dishes,,85,2026-04-16T19:12:47+00:00,2026-04-16T19:12:47+00:00
cat-hand-pulled-noodles-2cc85ebf,hand-pulled-noodles,Hand-pulled noodles,hand pulled noodles,Subtype of noodle dishes covering hand-pulled noodles.,structural-child,cat-noodle-dishes-f57723d0,,List of noodle dishes,,86,2026-04-16T19:12:47+00:00,2026-04-16T19:12:47+00:00
cat-pasta-dishes-18ec3e4d,pasta-dishes,Pasta dishes,pasta dishes,Reusable structural bucket for pasta dishes in the starter taxonomy.,structural-parent,,,List of pasta dishes,,80,2026-04-16T19:12:47+00:00,2026-04-16T19:12:47+00:00
cat-long-pasta-dishes-49a739b5,long-pasta-dishes,Long pasta dishes,long pasta dishes,Subtype of pasta dishes covering long pasta dishes.,structural-child,cat-pasta-dishes-18ec3e4d,,List of pasta dishes,,91,2026-04-16T19:12:47+00:00,2026-04-16T19:12:47+00:00
cat-stuffed-pasta-dishes-0bad391f,stuffed-pasta-dishes,Stuffed pasta dishes,stuffed pasta dishes,Subtype of pasta dishes covering stuffed pasta dishes.,structural-child,cat-pasta-dishes-18ec3e4d,,List of pasta dishes,,92,2026-04-16T19:12:47+00:00,2026-04-16T19:12:47+00:00
cat-baked-pasta-dishes-ba222166,baked-pasta-dishes,Baked pasta dishes,baked pasta dishes,Subtype of pasta dishes covering baked pasta dishes.,structural-child,cat-pasta-dishes-18ec3e4d,,List of pasta dishes,,93,2026-04-16T19:12:47+00:00,2026-04-16T19:12:47+00:00
cat-pasta-salads-b1b6f65c,pasta-salads,Pasta salads,pasta salads,Subtype of pasta dishes covering pasta salads.,structural-child,cat-pasta-dishes-18ec3e4d,,List of pasta dishes,,94,2026-04-16T19:12:47+00:00,2026-04-16T19:12:47+00:00
cat-creamy-pasta-dishes-c2439e9b,creamy-pasta-dishes,Creamy pasta dishes,creamy pasta dishes,Subtype of pasta dishes covering creamy pasta dishes.,structural-child,cat-pasta-dishes-18ec3e4d,,List of pasta dishes,,95,2026-04-16T19:12:47+00:00,2026-04-16T19:12:47+00:00
cat-tomato-pasta-dishes-869153d6,tomato-pasta-dishes,Tomato pasta dishes,tomato pasta dishes,Subtype of pasta dishes covering tomato pasta dishes.,structural-child,cat-pasta-dishes-18ec3e4d,,List of pasta dishes,,96,2026-04-16T19:12:47+00:00,2026-04-16T19:12:47+00:00
cat-rice-dishes-e5a0eea5,rice-dishes,Rice dishes,rice dishes,Reusable structural bucket for rice dishes in the starter taxonomy.,structural-parent,,,List of rice dishes,,90,2026-04-16T19:12:47+00:00,2026-04-16T19:12:47+00:00
cat-pilafs-1960ba39,pilafs,Pilafs,pilafs,Subtype of rice dishes covering pilafs.,structural-child,cat-rice-dishes-e5a0eea5,,List of rice dishes,,101,2026-04-16T19:12:47+00:00,2026-04-16T19:12:47+00:00
cat-fried-rice-dishes-7eac5b51,fried-rice-dishes,Fried rice dishes,fried rice dishes,Subtype of rice dishes covering fried rice dishes.,structural-child,cat-rice-dishes-e5a0eea5,,List of rice dishes,,102,2026-04-16T19:12:47+00:00,2026-04-16T19:12:47+00:00
cat-risotto-like-dishes-23c93721,risotto-like-dishes,Risotto-like dishes,risotto like dishes,Subtype of rice dishes covering risotto-like dishes.,structural-child,cat-rice-dishes-e5a0eea5,,List of rice dishes,,103,2026-04-16T19:12:47+00:00,2026-04-16T19:12:47+00:00
cat-rice-porridges-7edf0bf5,rice-porridges,Rice porridges,rice porridges,Subtype of rice dishes covering rice porridges.,structural-child,cat-rice-dishes-e5a0eea5,,List of rice dishes,,104,2026-04-16T19:12:47+00:00,2026-04-16T19:12:47+00:00
cat-rice-casseroles-b0e0d35d,rice-casseroles,Rice casseroles,rice casseroles,Subtype of rice dishes covering rice casseroles.,structural-child,cat-rice-dishes-e5a0eea5,,List of rice dishes,,105,2026-04-16T19:12:47+00:00,2026-04-16T19:12:47+00:00
cat-stuffed-rice-dishes-89b90366,stuffed-rice-dishes,Stuffed rice dishes,stuffed rice dishes,Subtype of rice dishes covering stuffed rice dishes.,structural-child,cat-rice-dishes-e5a0eea5,,List of rice dishes,,106,2026-04-16T19:12:47+00:00,2026-04-16T19:12:47+00:00
cat-soups-58c2caa7,soups,Soups,soups,Reusable structural bucket for soups in the starter taxonomy.,structural-parent,,,List of soups,,100,2026-04-16T19:12:47+00:00,2026-04-16T19:12:47+00:00
cat-clear-soups-4a22af84,clear-soups,Clear soups,clear soups,Subtype of soups covering clear soups.,structural-child,cat-soups-58c2caa7,,List of soups,,111,2026-04-16T19:12:47+00:00,2026-04-16T19:12:47+00:00
cat-pureed-soups-563e018c,pureed-soups,Pureed soups,pureed soups,Subtype of soups covering pureed soups.,structural-child,cat-soups-58c2caa7,,List of soups,,112,2026-04-16T19:12:47+00:00,2026-04-16T19:12:47+00:00
cat-bean-soups-b54d6ea8,bean-soups,Bean soups,bean soups,Subtype of soups covering bean soups.,structural-child,cat-soups-58c2caa7,,List of soups,,113,2026-04-16T19:12:47+00:00,2026-04-16T19:12:47+00:00
cat-noodle-soups-587abe8a,noodle-soups,Noodle soups,noodle soups,Subtype of soups covering noodle soups.,structural-child,cat-soups-58c2caa7,,List of soups,,114,2026-04-16T19:12:47+00:00,2026-04-16T19:12:47+00:00
cat-chilled-soups-8fa0ec30,chilled-soups,Chilled soups,chilled soups,Subtype of soups covering chilled soups.,structural-child,cat-soups-58c2caa7,,List of soups,,115,2026-04-16T19:12:47+00:00,2026-04-16T19:12:47+00:00
cat-seafood-soups-169e1879,seafood-soups,Seafood soups,seafood soups,Subtype of soups covering seafood soups.,structural-child,cat-soups-58c2caa7,,List of soups,,116,2026-04-16T19:12:47+00:00,2026-04-16T19:12:47+00:00
cat-stews-ce00fa93,stews,Stews,stews,Reusable structural bucket for stews in the starter taxonomy.,structural-parent,,,List of stews,,110,2026-04-16T19:12:47+00:00,2026-04-16T19:12:47+00:00
cat-meat-stews-77be457d,meat-stews,Meat stews,meat stews,Subtype of stews covering meat stews.,structural-child,cat-stews-ce00fa93,,List of stews,,121,2026-04-16T19:12:47+00:00,2026-04-16T19:12:47+00:00
cat-vegetable-stews-0ef53083,vegetable-stews,Vegetable stews,vegetable stews,Subtype of stews covering vegetable stews.,structural-child,cat-stews-ce00fa93,,List of stews,,122,2026-04-16T19:12:47+00:00,2026-04-16T19:12:47+00:00
cat-bean-stews-870649b6,bean-stews,Bean stews,bean stews,Subtype of stews covering bean stews.,structural-child,cat-stews-ce00fa93,,List of stews,,123,2026-04-16T19:12:47+00:00,2026-04-16T19:12:47+00:00
cat-seafood-stews-ee5170eb,seafood-stews,Seafood stews,seafood stews,Subtype of stews covering seafood stews.,structural-child,cat-stews-ce00fa93,,List of stews,,124,2026-04-16T19:12:47+00:00,2026-04-16T19:12:47+00:00
cat-chile-stews-c3ddf724,chile-stews,Chile stews,chile stews,Subtype of stews covering chile stews.,structural-child,cat-stews-ce00fa93,,List of stews,,125,2026-04-16T19:12:47+00:00,2026-04-16T19:12:47+00:00
cat-slow-braises-c6132510,slow-braises,Slow braises,slow braises,Subtype of stews covering slow braises.,structural-child,cat-stews-ce00fa93,,List of stews,,126,2026-04-16T19:12:47+00:00,2026-04-16T19:12:47+00:00
cat-curries-c13d2ace,curries,Curries,curries,Reusable structural bucket for curries in the starter taxonomy.,structural-parent,,,Lists of prepared foods,,120,2026-04-16T19:12:47+00:00,2026-04-16T19:12:47+00:00
cat-coconut-curries-ce68a9d5,coconut-curries,Coconut curries,coconut curries,Subtype of curries covering coconut curries.,structural-child,cat-curries-c13d2ace,,Lists of prepared foods,,131,2026-04-16T19:12:47+00:00,2026-04-16T19:12:47+00:00
cat-dry-curries-4c9dc499,dry-curries,Dry curries,dry curries,Subtype of curries covering dry curries.,structural-child,cat-curries-c13d2ace,,Lists of prepared foods,,132,2026-04-16T19:12:47+00:00,2026-04-16T19:12:47+00:00
cat-lentil-curries-2c94f0bb,lentil-curries,Lentil curries,lentil curries,Subtype of curries covering lentil curries.,structural-child,cat-curries-c13d2ace,,Lists of prepared foods,,133,2026-04-16T19:12:47+00:00,2026-04-16T19:12:47+00:00
cat-meat-curries-d7145184,meat-curries,Meat curries,meat curries,Subtype of curries covering meat curries.,structural-child,cat-curries-c13d2ace,,Lists of prepared foods,,134,2026-04-16T19:12:47+00:00,2026-04-16T19:12:47+00:00
cat-fish-curries-3658a923,fish-curries,Fish curries,fish curries,Subtype of curries covering fish curries.,structural-child,cat-curries-c13d2ace,,Lists of prepared foods,,135,2026-04-16T19:12:47+00:00,2026-04-16T19:12:47+00:00
cat-curry-noodle-dishes-a072c0a3,curry-noodle-dishes,Curry noodle dishes,curry noodle dishes,Subtype of curries covering curry noodle dishes.,structural-child,cat-curries-c13d2ace,,Lists of prepared foods,,136,2026-04-16T19:12:47+00:00,2026-04-16T19:12:47+00:00
cat-salads-aa3e870c,salads,Salads,salads,Reusable structural bucket for salads in the starter taxonomy.,structural-parent,,,Lists of prepared foods,,130,2026-04-16T19:12:47+00:00,2026-04-16T19:12:47+00:00
cat-green-salads-2c2b68fc,green-salads,Green salads,green salads,Subtype of salads covering green salads.,structural-child,cat-salads-aa3e870c,,Lists of prepared foods,,141,2026-04-16T19:12:47+00:00,2026-04-16T19:12:47+00:00
cat-grain-salads-5e8d3cb9,grain-salads,Grain salads,grain salads,Subtype of salads covering grain salads.,structural-child,cat-salads-aa3e870c,,Lists of prepared foods,,142,2026-04-16T19:12:47+00:00,2026-04-16T19:12:47+00:00
cat-noodle-salads-313293d4,noodle-salads,Noodle salads,noodle salads,Subtype of salads covering noodle salads.,structural-child,cat-salads-aa3e870c,,Lists of prepared foods,,143,2026-04-16T19:12:47+00:00,2026-04-16T19:12:47+00:00
cat-potato-salads-9586e4f8,potato-salads,Potato salads,potato salads,Subtype of salads covering potato salads.,structural-child,cat-salads-aa3e870c,,Lists of prepared foods,,144,2026-04-16T19:12:47+00:00,2026-04-16T19:12:47+00:00
cat-bread-salads-09b18fd5,bread-salads,Bread salads,bread salads,Subtype of salads covering bread salads.,structural-child,cat-salads-aa3e870c,,Lists of prepared foods,,145,2026-04-16T19:12:47+00:00,2026-04-16T19:12:47+00:00
cat-composed-salads-b4b1dc8d,composed-salads,Composed salads,composed salads,Subtype of salads covering composed salads.,structural-child,cat-salads-aa3e870c,,Lists of prepared foods,,146,2026-04-16T19:12:47+00:00,2026-04-16T19:12:47+00:00
cat-dips-and-spreads-3b58ecf2,dips-and-spreads,Dips and spreads,dips and spreads,Reusable structural bucket for dips and spreads in the starter taxonomy.,structural-parent,,,Lists of prepared foods,,140,2026-04-16T19:12:47+00:00,2026-04-16T19:12:47+00:00
cat-bean-dips-978ae030,bean-dips,Bean dips,bean dips,Subtype of dips and spreads covering bean dips.,structural-child,cat-dips-and-spreads-3b58ecf2,,Lists of prepared foods,,151,2026-04-16T19:12:47+00:00,2026-04-16T19:12:47+00:00
cat-yogurt-dips-da7a5bf9,yogurt-dips,Yogurt dips,yogurt dips,Subtype of dips and spreads covering yogurt dips.,structural-child,cat-dips-and-spreads-3b58ecf2,,Lists of prepared foods,,152,2026-04-16T19:12:47+00:00,2026-04-16T19:12:47+00:00
cat-chile-dips-08c9f714,chile-dips,Chile dips,chile dips,Subtype of dips and spreads covering chile dips.,structural-child,cat-dips-and-spreads-3b58ecf2,,Lists of prepared foods,,153,2026-04-16T19:12:47+00:00,2026-04-16T19:12:47+00:00
cat-nut-spreads-4f32ca4d,nut-spreads,Nut spreads,nut spreads,Subtype of dips and spreads covering nut spreads.,structural-child,cat-dips-and-spreads-3b58ecf2,,Lists of prepared foods,,154,2026-04-16T19:12:47+00:00,2026-04-16T19:12:47+00:00
cat-fish-spreads-aec4e03d,fish-spreads,Fish spreads,fish spreads,Subtype of dips and spreads covering fish spreads.,structural-child,cat-dips-and-spreads-3b58ecf2,,Lists of prepared foods,,155,2026-04-16T19:12:47+00:00,2026-04-16T19:12:47+00:00
cat-herb-spreads-50d24332,herb-spreads,Herb spreads,herb spreads,Subtype of dips and spreads covering herb spreads.,structural-child,cat-dips-and-spreads-3b58ecf2,,Lists of prepared foods,,156,2026-04-16T19:12:47+00:00,2026-04-16T19:12:47+00:00
cat-sauces-and-condiments-10f97308,sauces-and-condiments,Sauces and condiments,sauces and condiments,Reusable structural bucket for sauces and condiments in the starter taxonomy.,structural-parent,,,Lists of prepared foods,,150,2026-04-16T19:12:47+00:00,2026-04-16T19:12:47+00:00
cat-emulsified-sauces-3861a9e3,emulsified-sauces,Emulsified sauces,emulsified sauces,Subtype of sauces and condiments covering emulsified sauces.,structural-child,cat-sauces-and-condiments-10f97308,,Lists of prepared foods,,161,2026-04-16T19:12:47+00:00,2026-04-16T19:12:47+00:00
cat-tomato-sauces-3c57c114,tomato-sauces,Tomato sauces,tomato sauces,Subtype of sauces and condiments covering tomato sauces.,structural-child,cat-sauces-and-condiments-10f97308,,Lists of prepared foods,,162,2026-04-16T19:12:47+00:00,2026-04-16T19:12:47+00:00
cat-chile-sauces-04f0f00c,chile-sauces,Chile sauces,chile sauces,Subtype of sauces and condiments covering chile sauces.,structural-child,cat-sauces-and-condiments-10f97308,,Lists of prepared foods,,163,2026-04-16T19:12:47+00:00,2026-04-16T19:12:47+00:00
cat-pickles-07c0ac82,pickles,Pickles,pickles,Subtype of sauces and condiments covering pickles.,structural-child,cat-sauces-and-condiments-10f97308,,Lists of prepared foods,,164,2026-04-16T19:12:47+00:00,2026-04-16T19:12:47+00:00
cat-relishes-ce0843b3,relishes,Relishes,relishes,Subtype of sauces and condiments covering relishes.,structural-child,cat-sauces-and-condiments-10f97308,,Lists of prepared foods,,165,2026-04-16T19:12:47+00:00,2026-04-16T19:12:47+00:00
cat-chutneys-f6eca7ef,chutneys,Chutneys,chutneys,Subtype of sauces and condiments covering chutneys.,structural-child,cat-sauces-and-condiments-10f97308,,Lists of prepared foods,,166,2026-04-16T19:12:47+00:00,2026-04-16T19:12:47+00:00
cat-skewers-and-grilled-dishes-08780632,skewers-and-grilled-dishes,Skewers and grilled dishes,skewers and grilled dishes,Reusable structural bucket for skewers and grilled dishes in the starter taxonomy.,structural-parent,,,Lists of prepared foods,,160,2026-04-16T19:12:47+00:00,2026-04-16T19:12:47+00:00
cat-kebabs-3ded5c42,kebabs,Kebabs,kebabs,Subtype of skewers and grilled dishes covering kebabs.,structural-child,cat-skewers-and-grilled-dishes-08780632,,Lists of prepared foods,,171,2026-04-16T19:12:47+00:00,2026-04-16T19:12:47+00:00
cat-satay-84232c50,satay,Satay,satay,Subtype of skewers and grilled dishes covering satay.,structural-child,cat-skewers-and-grilled-dishes-08780632,,Lists of prepared foods,,172,2026-04-16T19:12:47+00:00,2026-04-16T19:12:47+00:00
cat-barbecue-skewers-1ac68e03,barbecue-skewers,Barbecue skewers,barbecue skewers,Subtype of skewers and grilled dishes covering barbecue skewers.,structural-child,cat-skewers-and-grilled-dishes-08780632,,Lists of prepared foods,,173,2026-04-16T19:12:47+00:00,2026-04-16T19:12:47+00:00
cat-whole-grilled-fish-e8a2251b,whole-grilled-fish,Whole grilled fish,whole grilled fish,Subtype of skewers and grilled dishes covering whole grilled fish.,structural-child,cat-skewers-and-grilled-dishes-08780632,,Lists of prepared foods,,174,2026-04-16T19:12:47+00:00,2026-04-16T19:12:47+00:00
cat-grilled-meats-92e738d2,grilled-meats,Grilled meats,grilled meats,Subtype of skewers and grilled dishes covering grilled meats.,structural-child,cat-skewers-and-grilled-dishes-08780632,,Lists of prepared foods,,175,2026-04-16T19:12:47+00:00,2026-04-16T19:12:47+00:00
cat-grilled-vegetables-ecfc509c,grilled-vegetables,Grilled vegetables,grilled vegetables,Subtype of skewers and grilled dishes covering grilled vegetables.,structural-child,cat-skewers-and-grilled-dishes-08780632,,Lists of prepared foods,,176,2026-04-16T19:12:47+00:00,2026-04-16T19:12:47+00:00
cat-braises-and-roasts-6028fcc9,braises-and-roasts,Braises and roasts,braises and roasts,Reusable structural bucket for braises and roasts in the starter taxonomy.,structural-parent,,,Lists of prepared foods,,170,2026-04-16T19:12:47+00:00,2026-04-16T19:12:47+00:00
cat-pot-roasts-cc68416e,pot-roasts,Pot roasts,pot roasts,Subtype of braises and roasts covering pot roasts.,structural-child,cat-braises-and-roasts-6028fcc9,,Lists of prepared foods,,181,2026-04-16T19:12:47+00:00,2026-04-16T19:12:47+00:00
cat-oven-roasts-52251389,oven-roasts,Oven roasts,oven roasts,Subtype of braises and roasts covering oven roasts.,structural-child,cat-braises-and-roasts-6028fcc9,,Lists of prepared foods,,182,2026-04-16T19:12:47+00:00,2026-04-16T19:12:47+00:00
cat-wine-braises-2e203542,wine-braises,Wine braises,wine braises,Subtype of braises and roasts covering wine braises.,structural-child,cat-braises-and-roasts-6028fcc9,,Lists of prepared foods,,183,2026-04-16T19:12:47+00:00,2026-04-16T19:12:47+00:00
cat-tagines-4f0a8e9b,tagines,Tagines,tagines,Subtype of braises and roasts covering tagines.,structural-child,cat-braises-and-roasts-6028fcc9,,Lists of prepared foods,,184,2026-04-16T19:12:47+00:00,2026-04-16T19:12:47+00:00
cat-confits-deb60810,confits,Confits,confits,Subtype of braises and roasts covering confits.,structural-child,cat-braises-and-roasts-6028fcc9,,Lists of prepared foods,,185,2026-04-16T19:12:47+00:00,2026-04-16T19:12:47+00:00
cat-glazed-roasts-fb9a4083,glazed-roasts,Glazed roasts,glazed roasts,Subtype of braises and roasts covering glazed roasts.,structural-child,cat-braises-and-roasts-6028fcc9,,Lists of prepared foods,,186,2026-04-16T19:12:47+00:00,2026-04-16T19:12:47+00:00
cat-fried-dishes-and-fritters-31bc2558,fried-dishes-and-fritters,Fried dishes and fritters,fried dishes and fritters,Reusable structural bucket for fried dishes and fritters in the starter taxonomy.,structural-parent,,,Lists of prepared foods,,180,2026-04-16T19:12:47+00:00,2026-04-16T19:12:47+00:00
cat-tempura-1d796857,tempura,Tempura,tempura,Subtype of fried dishes and fritters covering tempura.,structural-child,cat-fried-dishes-and-fritters-31bc2558,,Lists of prepared foods,,191,2026-04-16T19:12:47+00:00,2026-04-16T19:12:47+00:00
cat-cutlets-dbb78ed5,cutlets,Cutlets,cutlets,Subtype of fried dishes and fritters covering cutlets.,structural-child,cat-fried-dishes-and-fritters-31bc2558,,Lists of prepared foods,,192,2026-04-16T19:12:47+00:00,2026-04-16T19:12:47+00:00
cat-croquettes-cd265a20,croquettes,Croquettes,croquettes,Subtype of fried dishes and fritters covering croquettes.,structural-child,cat-fried-dishes-and-fritters-31bc2558,,Lists of prepared foods,,193,2026-04-16T19:12:47+00:00,2026-04-16T19:12:47+00:00
cat-fritters-513bb060,fritters,Fritters,fritters,Subtype of fried dishes and fritters covering fritters.,structural-child,cat-fried-dishes-and-fritters-31bc2558,,Lists of prepared foods,,194,2026-04-16T19:12:47+00:00,2026-04-16T19:12:47+00:00
cat-fried-chicken-dishes-50e30132,fried-chicken-dishes,Fried chicken dishes,fried chicken dishes,Subtype of fried dishes and fritters covering fried chicken dishes.,structural-child,cat-fried-dishes-and-fritters-31bc2558,,Lists of prepared foods,,195,2026-04-16T19:12:47+00:00,2026-04-16T19:12:47+00:00
cat-fried-seafood-dishes-ddb6ed34,fried-seafood-dishes,Fried seafood dishes,fried seafood dishes,Subtype of fried dishes and fritters covering fried seafood dishes.,structural-child,cat-fried-dishes-and-fritters-31bc2558,,Lists of prepared foods,,196,2026-04-16T19:12:47+00:00,2026-04-16T19:12:47+00:00
cat-casseroles-and-bakes-43c0edef,casseroles-and-bakes,Casseroles and bakes,casseroles and bakes,Reusable structural bucket for casseroles and bakes in the starter taxonomy.,structural-parent,,,Lists of prepared foods,,190,2026-04-16T19:12:47+00:00,2026-04-16T19:12:47+00:00
cat-gratins-f1293ece,gratins,Gratins,gratins,Subtype of casseroles and bakes covering gratins.,structural-child,cat-casseroles-and-bakes-43c0edef,,Lists of prepared foods,,201,2026-04-16T19:12:47+00:00,2026-04-16T19:12:47+00:00
cat-layered-casseroles-1159adbd,layered-casseroles,Layered casseroles,layered casseroles,Subtype of casseroles and bakes covering layered casseroles.,structural-child,cat-casseroles-and-bakes-43c0edef,,Lists of prepared foods,,202,2026-04-16T19:12:47+00:00,2026-04-16T19:12:47+00:00
cat-stuffed-bakes-9feefdc3,stuffed-bakes,Stuffed bakes,stuffed bakes,Subtype of casseroles and bakes covering stuffed bakes.,structural-child,cat-casseroles-and-bakes-43c0edef,,Lists of prepared foods,,203,2026-04-16T19:12:47+00:00,2026-04-16T19:12:47+00:00
cat-savory-pies-73fcd89e,savory-pies,Savory pies,savory pies,Subtype of casseroles and bakes covering savory pies.,structural-child,cat-casseroles-and-bakes-43c0edef,,Lists of prepared foods,,204,2026-04-16T19:12:47+00:00,2026-04-16T19:12:47+00:00
cat-hotdish-85cae52a,hotdish,Hotdish,hotdish,Subtype of casseroles and bakes covering hotdish.,structural-child,cat-casseroles-and-bakes-43c0edef,,Lists of prepared foods,,205,2026-04-16T19:12:47+00:00,2026-04-16T19:12:47+00:00
cat-breakfast-bakes-32de95fa,breakfast-bakes,Breakfast bakes,breakfast bakes,Subtype of casseroles and bakes covering breakfast bakes.,structural-child,cat-casseroles-and-bakes-43c0edef,,Lists of prepared foods,,206,2026-04-16T19:12:47+00:00,2026-04-16T19:12:47+00:00
cat-egg-dishes-91225177,egg-dishes,Egg dishes,egg dishes,Reusable structural bucket for egg dishes in the starter taxonomy.,structural-parent,,,Lists of prepared foods,,200,2026-04-16T19:12:47+00:00,2026-04-16T19:12:47+00:00
cat-omelets-962fec79,omelets,Omelets,omelets,Subtype of egg dishes covering omelets.,structural-child,cat-egg-dishes-91225177,,Lists of prepared foods,,211,2026-04-16T19:12:47+00:00,2026-04-16T19:12:47+00:00
cat-scrambled-egg-dishes-5ab5acf6,scrambled-egg-dishes,Scrambled egg dishes,scrambled egg dishes,Subtype of egg dishes covering scrambled egg dishes.,structural-child,cat-egg-dishes-91225177,,Lists of prepared foods,,212,2026-04-16T19:12:47+00:00,2026-04-16T19:12:47+00:00
cat-egg-curries-472850b7,egg-curries,Egg curries,egg curries,Subtype of egg dishes covering egg curries.,structural-child,cat-egg-dishes-91225177,,Lists of prepared foods,,213,2026-04-16T19:12:47+00:00,2026-04-16T19:12:47+00:00
cat-custardy-egg-dishes-d4a51757,custardy-egg-dishes,Custardy egg dishes,custardy egg dishes,Subtype of egg dishes covering custardy egg dishes.,structural-child,cat-egg-dishes-91225177,,Lists of prepared foods,,214,2026-04-16T19:12:47+00:00,2026-04-16T19:12:47+00:00
cat-filled-omelets-f822ae82,filled-omelets,Filled omelets,filled omelets,Subtype of egg dishes covering filled omelets.,structural-child,cat-egg-dishes-91225177,,Lists of prepared foods,,215,2026-04-16T19:12:47+00:00,2026-04-16T19:12:47+00:00
cat-egg-drop-dishes-401e621c,egg-drop-dishes,Egg drop dishes,egg drop dishes,Subtype of egg dishes covering egg drop dishes.,structural-child,cat-egg-dishes-91225177,,Lists of prepared foods,,216,2026-04-16T19:12:47+00:00,2026-04-16T19:12:47+00:00
cat-breakfast-dishes-7ff5de50,breakfast-dishes,Breakfast dishes,breakfast dishes,Reusable structural bucket for breakfast dishes in the starter taxonomy.,structural-parent,,,Lists of prepared foods,,210,2026-04-16T19:12:47+00:00,2026-04-16T19:12:47+00:00
cat-porridge-breakfasts-2c42c470,porridge-breakfasts,Porridge breakfasts,porridge breakfasts,Subtype of breakfast dishes covering porridge breakfasts.,structural-child,cat-breakfast-dishes-7ff5de50,,Lists of prepared foods,,221,2026-04-16T19:12:47+00:00,2026-04-16T19:12:47+00:00
cat-griddle-breakfasts-5f375fbb,griddle-breakfasts,Griddle breakfasts,griddle breakfasts,Subtype of breakfast dishes covering griddle breakfasts.,structural-child,cat-breakfast-dishes-7ff5de50,,Lists of prepared foods,,222,2026-04-16T19:12:47+00:00,2026-04-16T19:12:47+00:00
cat-stuffed-breakfasts-c4f3838c,stuffed-breakfasts,Stuffed breakfasts,stuffed breakfasts,Subtype of breakfast dishes covering stuffed breakfasts.,structural-child,cat-breakfast-dishes-7ff5de50,,Lists of prepared foods,,223,2026-04-16T19:12:47+00:00,2026-04-16T19:12:47+00:00
cat-breakfast-sandwiches-81ce5a99,breakfast-sandwiches,Breakfast sandwiches,breakfast sandwiches,Subtype of breakfast dishes covering breakfast sandwiches.,structural-child,cat-breakfast-dishes-7ff5de50,,Lists of prepared foods,,224,2026-04-16T19:12:47+00:00,2026-04-16T19:12:47+00:00
cat-fried-breakfasts-67120b2e,fried-breakfasts,Fried breakfasts,fried breakfasts,Subtype of breakfast dishes covering fried breakfasts.,structural-child,cat-breakfast-dishes-7ff5de50,,Lists of prepared foods,,225,2026-04-16T19:12:47+00:00,2026-04-16T19:12:47+00:00
cat-sweet-breakfasts-1fe3d43e,sweet-breakfasts,Sweet breakfasts,sweet breakfasts,Subtype of breakfast dishes covering sweet breakfasts.,structural-child,cat-breakfast-dishes-7ff5de50,,Lists of prepared foods,,226,2026-04-16T19:12:47+00:00,2026-04-16T19:12:47+00:00
cat-pancakes-and-crepes-283edd96,pancakes-and-crepes,Pancakes and crepes,pancakes and crepes,Reusable structural bucket for pancakes and crepes in the starter taxonomy.,structural-parent,,,Lists of prepared foods,,220,2026-04-16T19:12:47+00:00,2026-04-16T19:12:47+00:00
cat-savory-pancakes-3cff6872,savory-pancakes,Savory pancakes,savory pancakes,Subtype of pancakes and crepes covering savory pancakes.,structural-child,cat-pancakes-and-crepes-283edd96,,Lists of prepared foods,,231,2026-04-16T19:12:47+00:00,2026-04-16T19:12:47+00:00
cat-sweet-pancakes-b7570aa8,sweet-pancakes,Sweet pancakes,sweet pancakes,Subtype of pancakes and crepes covering sweet pancakes.,structural-child,cat-pancakes-and-crepes-283edd96,,Lists of prepared foods,,232,2026-04-16T19:12:47+00:00,2026-04-16T19:12:47+00:00
cat-filled-crepes-1345fc0c,filled-crepes,Filled crepes,filled crepes,Subtype of pancakes and crepes covering filled crepes.,structural-child,cat-pancakes-and-crepes-283edd96,,Lists of prepared foods,,233,2026-04-16T19:12:47+00:00,2026-04-16T19:12:47+00:00
cat-fermented-pancakes-af66f50e,fermented-pancakes,Fermented pancakes,fermented pancakes,Subtype of pancakes and crepes covering fermented pancakes.,structural-child,cat-pancakes-and-crepes-283edd96,,Lists of prepared foods,,234,2026-04-16T19:12:47+00:00,2026-04-16T19:12:47+00:00
cat-stuffed-pancakes-3122f30c,stuffed-pancakes,Stuffed pancakes,stuffed pancakes,Subtype of pancakes and crepes covering stuffed pancakes.,structural-child,cat-pancakes-and-crepes-283edd96,,Lists of prepared foods,,235,2026-04-16T19:12:47+00:00,2026-04-16T19:12:47+00:00
cat-fritter-pancakes-fa0d09d3,fritter-pancakes,Fritter pancakes,fritter pancakes,Subtype of pancakes and crepes covering fritter pancakes.,structural-child,cat-pancakes-and-crepes-283edd96,,Lists of prepared foods,,236,2026-04-16T19:12:47+00:00,2026-04-16T19:12:47+00:00
cat-pies-and-pastries-eefde59e,pies-and-pastries,Pies and pastries,pies and pastries,Reusable structural bucket for pies and pastries in the starter taxonomy.,structural-parent,,,Lists of prepared foods,,230,2026-04-16T19:12:47+00:00,2026-04-16T19:12:47+00:00
cat-savory-pies-f1aa4fd1,savory-pies,Savory pies,savory pies,Subtype of pies and pastries covering savory pies.,structural-child,cat-pies-and-pastries-eefde59e,,Lists of prepared foods,,241,2026-04-16T19:12:47+00:00,2026-04-16T19:12:47+00:00
cat-sweet-pies-2aa01ca5,sweet-pies,Sweet pies,sweet pies,Subtype of pies and pastries covering sweet pies.,structural-child,cat-pies-and-pastries-eefde59e,,Lists of prepared foods,,242,2026-04-16T19:12:47+00:00,2026-04-16T19:12:47+00:00
cat-tarts-2d595b74,tarts,Tarts,tarts,Subtype of pies and pastries covering tarts.,structural-child,cat-pies-and-pastries-eefde59e,,Lists of prepared foods,,243,2026-04-16T19:12:47+00:00,2026-04-16T19:12:47+00:00
cat-turnovers-4b902f9e,turnovers,Turnovers,turnovers,Subtype of pies and pastries covering turnovers.,structural-child,cat-pies-and-pastries-eefde59e,,Lists of prepared foods,,244,2026-04-16T19:12:47+00:00,2026-04-16T19:12:47+00:00
cat-hand-pies-513c3b31,hand-pies,Hand pies,hand pies,Subtype of pies and pastries covering hand pies.,structural-child,cat-pies-and-pastries-eefde59e,,Lists of prepared foods,,245,2026-04-16T19:12:47+00:00,2026-04-16T19:12:47+00:00
cat-layered-pastries-e93ff7ae,layered-pastries,Layered pastries,layered pastries,Subtype of pies and pastries covering layered pastries.,structural-child,cat-pies-and-pastries-eefde59e,,Lists of prepared foods,,246,2026-04-16T19:12:47+00:00,2026-04-16T19:12:47+00:00
cat-cakes-and-gateaux-d8e29f50,cakes-and-gateaux,Cakes and gateaux,cakes and gateaux,Reusable structural bucket for cakes and gateaux in the starter taxonomy.,structural-parent,,,Lists of prepared foods,,240,2026-04-16T19:12:47+00:00,2026-04-16T19:12:47+00:00
cat-sponge-cakes-7f58c4bf,sponge-cakes,Sponge cakes,sponge cakes,Subtype of cakes and gateaux covering sponge cakes.,structural-child,cat-cakes-and-gateaux-d8e29f50,,Lists of prepared foods,,251,2026-04-16T19:12:47+00:00,2026-04-16T19:12:47+00:00
cat-butter-cakes-6e428da1,butter-cakes,Butter cakes,butter cakes,Subtype of cakes and gateaux covering butter cakes.,structural-child,cat-cakes-and-gateaux-d8e29f50,,Lists of prepared foods,,252,2026-04-16T19:12:47+00:00,2026-04-16T19:12:47+00:00
cat-cheesecakes-c5789d7e,cheesecakes,Cheesecakes,cheesecakes,Subtype of cakes and gateaux covering cheesecakes.,structural-child,cat-cakes-and-gateaux-d8e29f50,,Lists of prepared foods,,253,2026-04-16T19:12:47+00:00,2026-04-16T19:12:47+00:00
cat-steamed-cakes-195291e7,steamed-cakes,Steamed cakes,steamed cakes,Subtype of cakes and gateaux covering steamed cakes.,structural-child,cat-cakes-and-gateaux-d8e29f50,,Lists of prepared foods,,254,2026-04-16T19:12:47+00:00,2026-04-16T19:12:47+00:00
cat-flourless-cakes-2a6013f8,flourless-cakes,Flourless cakes,flourless cakes,Subtype of cakes and gateaux covering flourless cakes.,structural-child,cat-cakes-and-gateaux-d8e29f50,,Lists of prepared foods,,255,2026-04-16T19:12:47+00:00,2026-04-16T19:12:47+00:00
cat-snack-cakes-aff0db7d,snack-cakes,Snack cakes,snack cakes,Subtype of cakes and gateaux covering snack cakes.,structural-child,cat-cakes-and-gateaux-d8e29f50,,Lists of prepared foods,,256,2026-04-16T19:12:47+00:00,2026-04-16T19:12:47+00:00
cat-cookies-and-biscuits-55578132,cookies-and-biscuits,Cookies and biscuits,cookies and biscuits,Reusable structural bucket for cookies and biscuits in the starter taxonomy.,structural-parent,,,Lists of prepared foods,,250,2026-04-16T19:12:47+00:00,2026-04-16T19:12:47+00:00
cat-drop-cookies-260c1826,drop-cookies,Drop cookies,drop cookies,Subtype of cookies and biscuits covering drop cookies.,structural-child,cat-cookies-and-biscuits-55578132,,Lists of prepared foods,,261,2026-04-16T19:12:47+00:00,2026-04-16T19:12:47+00:00
cat-rolled-cookies-d78cdba9,rolled-cookies,Rolled cookies,rolled cookies,Subtype of cookies and biscuits covering rolled cookies.,structural-child,cat-cookies-and-biscuits-55578132,,Lists of prepared foods,,262,2026-04-16T19:12:47+00:00,2026-04-16T19:12:47+00:00
cat-sandwich-cookies-612c5efb,sandwich-cookies,Sandwich cookies,sandwich cookies,Subtype of cookies and biscuits covering sandwich cookies.,structural-child,cat-cookies-and-biscuits-55578132,,Lists of prepared foods,,263,2026-04-16T19:12:47+00:00,2026-04-16T19:12:47+00:00
cat-shortbread-f41b0a62,shortbread,Shortbread,shortbread,Subtype of cookies and biscuits covering shortbread.,structural-child,cat-cookies-and-biscuits-55578132,,Lists of prepared foods,,264,2026-04-16T19:12:47+00:00,2026-04-16T19:12:47+00:00
cat-crackers-8c593b91,crackers,Crackers,crackers,Subtype of cookies and biscuits covering crackers.,structural-child,cat-cookies-and-biscuits-55578132,,Lists of prepared foods,,265,2026-04-16T19:12:47+00:00,2026-04-16T19:12:47+00:00
cat-tea-biscuits-36fb8ab5,tea-biscuits,Tea biscuits,tea biscuits,Subtype of cookies and biscuits covering tea biscuits.,structural-child,cat-cookies-and-biscuits-55578132,,Lists of prepared foods,,266,2026-04-16T19:12:47+00:00,2026-04-16T19:12:47+00:00
cat-puddings-and-custards-1664b0f1,puddings-and-custards,Puddings and custards,puddings and custards,Reusable structural bucket for puddings and custards in the starter taxonomy.,structural-parent,,,Lists of prepared foods,,260,2026-04-16T19:12:47+00:00,2026-04-16T19:12:47+00:00
cat-baked-puddings-a541cf43,baked-puddings,Baked puddings,baked puddings,Subtype of puddings and custards covering baked puddings.,structural-child,cat-puddings-and-custards-1664b0f1,,Lists of prepared foods,,271,2026-04-16T19:12:47+00:00,2026-04-16T19:12:47+00:00
cat-stovetop-puddings-e4ae2c83,stovetop-puddings,Stovetop puddings,stovetop puddings,Subtype of puddings and custards covering stovetop puddings.,structural-child,cat-puddings-and-custards-1664b0f1,,Lists of prepared foods,,272,2026-04-16T19:12:47+00:00,2026-04-16T19:12:47+00:00
cat-custards-1cf2f976,custards,Custards,custards,Subtype of puddings and custards covering custards.,structural-child,cat-puddings-and-custards-1664b0f1,,Lists of prepared foods,,273,2026-04-16T19:12:47+00:00,2026-04-16T19:12:47+00:00
cat-jellies-5f6965b9,jellies,Jellies,jellies,Subtype of puddings and custards covering jellies.,structural-child,cat-puddings-and-custards-1664b0f1,,Lists of prepared foods,,274,2026-04-16T19:12:47+00:00,2026-04-16T19:12:47+00:00
cat-rice-puddings-6324bef9,rice-puddings,Rice puddings,rice puddings,Subtype of puddings and custards covering rice puddings.,structural-child,cat-puddings-and-custards-1664b0f1,,Lists of prepared foods,,275,2026-04-16T19:12:47+00:00,2026-04-16T19:12:47+00:00
cat-bread-puddings-62816464,bread-puddings,Bread puddings,bread puddings,Subtype of puddings and custards covering bread puddings.,structural-child,cat-puddings-and-custards-1664b0f1,,Lists of prepared foods,,276,2026-04-16T19:12:47+00:00,2026-04-16T19:12:47+00:00
cat-confections-and-sweets-33dd665f,confections-and-sweets,Confections and sweets,confections and sweets,Reusable structural bucket for confections and sweets in the starter taxonomy.,structural-parent,,,Lists of prepared foods,,270,2026-04-16T19:12:47+00:00,2026-04-16T19:12:47+00:00
cat-candies-d2f8c377,candies,Candies,candies,Subtype of confections and sweets covering candies.,structural-child,cat-confections-and-sweets-33dd665f,,Lists of prepared foods,,281,2026-04-16T19:12:47+00:00,2026-04-16T19:12:47+00:00
cat-nougats-d264dbad,nougats,Nougats,nougats,Subtype of confections and sweets covering nougats.,structural-child,cat-confections-and-sweets-33dd665f,,Lists of prepared foods,,282,2026-04-16T19:12:47+00:00,2026-04-16T19:12:47+00:00
cat-fudge-6d222744,fudge,Fudge,fudge,Subtype of confections and sweets covering fudge.,structural-child,cat-confections-and-sweets-33dd665f,,Lists of prepared foods,,283,2026-04-16T19:12:47+00:00,2026-04-16T19:12:47+00:00
cat-halva-like-sweets-9ab46694,halva-like-sweets,Halva-like sweets,halva like sweets,Subtype of confections and sweets covering halva-like sweets.,structural-child,cat-confections-and-sweets-33dd665f,,Lists of prepared foods,,284,2026-04-16T19:12:47+00:00,2026-04-16T19:12:47+00:00
cat-syrup-sweets-526f8388,syrup-sweets,Syrup sweets,syrup sweets,Subtype of confections and sweets covering syrup sweets.,structural-child,cat-confections-and-sweets-33dd665f,,Lists of prepared foods,,285,2026-04-16T19:12:47+00:00,2026-04-16T19:12:47+00:00
cat-chocolate-sweets-d19d61a1,chocolate-sweets,Chocolate sweets,chocolate sweets,Subtype of confections and sweets covering chocolate sweets.,structural-child,cat-confections-and-sweets-33dd665f,,Lists of prepared foods,,286,2026-04-16T19:12:47+00:00,2026-04-16T19:12:47+00:00
cat-snacks-and-street-food-7e6d6760,snacks-and-street-food,Snacks and street food,snacks and street food,Reusable structural bucket for snacks and street food in the starter taxonomy.,structural-parent,,,Lists of prepared foods,,280,2026-04-16T19:12:47+00:00,2026-04-16T19:12:47+00:00
cat-fritter-snacks-3d8eb75c,fritter-snacks,Fritter snacks,fritter snacks,Subtype of snacks and street food covering fritter snacks.,structural-child,cat-snacks-and-street-food-7e6d6760,,Lists of prepared foods,,291,2026-04-16T19:12:47+00:00,2026-04-16T19:12:47+00:00
cat-stuffed-snacks-9bc29f85,stuffed-snacks,Stuffed snacks,stuffed snacks,Subtype of snacks and street food covering stuffed snacks.,structural-child,cat-snacks-and-street-food-7e6d6760,,Lists of prepared foods,,292,2026-04-16T19:12:47+00:00,2026-04-16T19:12:47+00:00
cat-roasted-snacks-e92f1304,roasted-snacks,Roasted snacks,roasted snacks,Subtype of snacks and street food covering roasted snacks.,structural-child,cat-snacks-and-street-food-7e6d6760,,Lists of prepared foods,,293,2026-04-16T19:12:47+00:00,2026-04-16T19:12:47+00:00
cat-skewered-snacks-ce07345f,skewered-snacks,Skewered snacks,skewered snacks,Subtype of snacks and street food covering skewered snacks.,structural-child,cat-snacks-and-street-food-7e6d6760,,Lists of prepared foods,,294,2026-04-16T19:12:47+00:00,2026-04-16T19:12:47+00:00
cat-chip-snacks-7c92d826,chip-snacks,Chip snacks,chip snacks,Subtype of snacks and street food covering chip snacks.,structural-child,cat-snacks-and-street-food-7e6d6760,,Lists of prepared foods,,295,2026-04-16T19:12:47+00:00,2026-04-16T19:12:47+00:00
cat-savory-pastries-8fdaf988,savory-pastries,Savory pastries,savory pastries,Subtype of snacks and street food covering savory pastries.,structural-child,cat-snacks-and-street-food-7e6d6760,,Lists of prepared foods,,296,2026-04-16T19:12:47+00:00,2026-04-16T19:12:47+00:00
cat-seafood-dishes-67642233,seafood-dishes,Seafood dishes,seafood dishes,Reusable structural bucket for seafood dishes in the starter taxonomy.,structural-parent,,,Category:Prepared foods by main ingredient,,290,2026-04-16T19:12:47+00:00,2026-04-16T19:12:47+00:00
cat-shellfish-dishes-31d1f1b0,shellfish-dishes,Shellfish dishes,shellfish dishes,Subtype of seafood dishes covering shellfish dishes.,structural-child,cat-seafood-dishes-67642233,,Category:Prepared foods by main ingredient,,301,2026-04-16T19:12:47+00:00,2026-04-16T19:12:47+00:00
cat-fish-curries-3c38ecdf,fish-curries,Fish curries,fish curries,Subtype of seafood dishes covering fish curries.,structural-child,cat-seafood-dishes-67642233,,Category:Prepared foods by main ingredient,,302,2026-04-16T19:12:47+00:00,2026-04-16T19:12:47+00:00
cat-grilled-fish-dishes-85e1a886,grilled-fish-dishes,Grilled fish dishes,grilled fish dishes,Subtype of seafood dishes covering grilled fish dishes.,structural-child,cat-seafood-dishes-67642233,,Category:Prepared foods by main ingredient,,303,2026-04-16T19:12:47+00:00,2026-04-16T19:12:47+00:00
cat-raw-seafood-dishes-37e54e14,raw-seafood-dishes,Raw seafood dishes,raw seafood dishes,Subtype of seafood dishes covering raw seafood dishes.,structural-child,cat-seafood-dishes-67642233,,Category:Prepared foods by main ingredient,,304,2026-04-16T19:12:47+00:00,2026-04-16T19:12:47+00:00
cat-seafood-rice-dishes-9f04acfa,seafood-rice-dishes,Seafood rice dishes,seafood rice dishes,Subtype of seafood dishes covering seafood rice dishes.,structural-child,cat-seafood-dishes-67642233,,Category:Prepared foods by main ingredient,,305,2026-04-16T19:12:47+00:00,2026-04-16T19:12:47+00:00
cat-preserved-seafood-dishes-e1e2607f,preserved-seafood-dishes,Preserved seafood dishes,preserved seafood dishes,Subtype of seafood dishes covering preserved seafood dishes.,structural-child,cat-seafood-dishes-67642233,,Category:Prepared foods by main ingredient,,306,2026-04-16T19:12:47+00:00,2026-04-16T19:12:47+00:00
cat-vegetable-and-legume-mains-b836795b,vegetable-and-legume-mains,Vegetable and legume mains,vegetable and legume mains,Reusable structural bucket for vegetable and legume mains in the starter taxonomy.,structural-parent,,,Category:Lists of foods by ingredient,,300,2026-04-16T19:12:47+00:00,2026-04-16T19:12:47+00:00
cat-stuffed-vegetables-00e0eca1,stuffed-vegetables,Stuffed vegetables,stuffed vegetables,Subtype of vegetable and legume mains covering stuffed vegetables.,structural-child,cat-vegetable-and-legume-mains-b836795b,,Category:Lists of foods by ingredient,,311,2026-04-16T19:12:47+00:00,2026-04-16T19:12:47+00:00
cat-bean-patties-8cb439b0,bean-patties,Bean patties,bean patties,Subtype of vegetable and legume mains covering bean patties.,structural-child,cat-vegetable-and-legume-mains-b836795b,,Category:Lists of foods by ingredient,,312,2026-04-16T19:12:47+00:00,2026-04-16T19:12:47+00:00
cat-braised-greens-505f6e2b,braised-greens,Braised greens,braised greens,Subtype of vegetable and legume mains covering braised greens.,structural-child,cat-vegetable-and-legume-mains-b836795b,,Category:Lists of foods by ingredient,,313,2026-04-16T19:12:47+00:00,2026-04-16T19:12:47+00:00
cat-tofu-dishes-b91c0da0,tofu-dishes,Tofu dishes,tofu dishes,Subtype of vegetable and legume mains covering tofu dishes.,structural-child,cat-vegetable-and-legume-mains-b836795b,,Category:Lists of foods by ingredient,,314,2026-04-16T19:12:47+00:00,2026-04-16T19:12:47+00:00
cat-chickpea-mains-94f3cb90,chickpea-mains,Chickpea mains,chickpea mains,Subtype of vegetable and legume mains covering chickpea mains.,structural-child,cat-vegetable-and-legume-mains-b836795b,,Category:Lists of foods by ingredient,,315,2026-04-16T19:12:47+00:00,2026-04-16T19:12:47+00:00
cat-lentil-mains-a86b59e7,lentil-mains,Lentil mains,lentil mains,Subtype of vegetable and legume mains covering lentil mains.,structural-child,cat-vegetable-and-legume-mains-b836795b,,Category:Lists of foods by ingredient,,316,2026-04-16T19:12:47+00:00,2026-04-16T19:12:47+00:00
